station_id,num_bikes_available,num_bikes_available_types/mechanical,num_bikes_available_types/ebike,num_bikes_disabled,num_docks_available,num_docks_disabled,last_reported,is_charging_station,status,is_installed,is_renting,is_returning
7000,12,11,1,1,33,1,1739501070,FALSE,IN_SERVICE,1,1,1
7001,4,4,0,0,19,0,1739501212,TRUE,IN_SERVICE,1,1,1
7002,5,5,0,1,10,1,1739501206,FALSE,IN_SERVICE,1,1,1
7003,5,5,0,0,10,0,1739501089,FALSE,IN_SERVICE,1,1,1
7005,15,15,0,0,6,0,1739501097,FALSE,IN_SERVICE,1,1,1
7006,14,14,0,1,15,1,1739501210,FALSE,IN_SERVICE,1,1,1
7007,11,11,0,0,8,0,1739501173,FALSE,IN_SERVICE,1,1,1
7008,15,15,0,1,2,0,1739501190,FALSE,IN_SERVICE,1,1,1
7009,21,20,1,0,3,0,1739501114,FALSE,IN_SERVICE,1,1,1
7010,16,16,0,0,1,0,1739501153,FALSE,IN_SERVICE,1,1,1
7012,10,10,0,0,5,0,1739501205,FALSE,IN_SERVICE,1,1,1
7013,18,18,0,1,0,0,1739501136,FALSE,IN_SERVICE,1,1,1
7014,3,3,0,0,14,0,1739501212,FALSE,IN_SERVICE,1,1,1
7015,7,7,0,0,31,0,1739501145,FALSE,IN_SERVICE,1,1,1
7016,24,24,0,1,9,0,1739501106,FALSE,IN_SERVICE,1,1,1
7017,2,2,0,0,10,0,1739501124,FALSE,IN_SERVICE,1,1,1
7018,38,38,0,0,11,0,1739501208,FALSE,IN_SERVICE,1,1,1
7019,42,42,0,0,13,0,1739501044,FALSE,IN_SERVICE,1,1,1
7020,30,30,0,1,0,0,1739501163,FALSE,IN_SERVICE,1,1,1
7021,22,22,0,0,40,0,1739501046,FALSE,IN_SERVICE,1,1,1
7022,38,37,1,0,0,0,1739501124,FALSE,IN_SERVICE,1,1,1
7023,6,6,0,0,5,0,1739501136,FALSE,IN_SERVICE,1,1,1
7024,14,14,0,0,25,0,1739501150,FALSE,IN_SERVICE,1,1,1
7025,10,10,0,0,13,0,1739501075,FALSE,IN_SERVICE,1,1,1
7026,3,3,0,0,10,1,1739501179,FALSE,IN_SERVICE,1,1,1
7027,15,15,0,0,15,0,1739501133,FALSE,IN_SERVICE,1,1,1
7028,11,11,0,0,18,0,1739501185,FALSE,IN_SERVICE,1,1,1
7029,9,9,0,2,2,0,1739501199,FALSE,IN_SERVICE,1,1,1
7030,10,10,0,0,24,1,1739501113,FALSE,IN_SERVICE,1,1,1
7031,9,9,0,0,12,2,1739501190,FALSE,IN_SERVICE,1,1,1
7032,2,2,0,0,12,1,1739501142,FALSE,IN_SERVICE,1,1,1
7033,5,5,0,2,19,1,1739501147,FALSE,IN_SERVICE,1,1,1
7034,1,1,0,1,13,0,1739501076,FALSE,IN_SERVICE,1,1,1
7035,12,12,0,0,19,0,1739501136,FALSE,IN_SERVICE,1,1,1
7036,5,5,0,0,13,0,1739501198,FALSE,IN_SERVICE,1,1,1
7037,1,1,0,1,25,0,1739501215,FALSE,IN_SERVICE,1,1,1
7038,6,6,0,0,9,0,1739501171,FALSE,IN_SERVICE,1,1,1
7039,12,12,0,0,7,0,1739501211,FALSE,IN_SERVICE,1,1,1
7040,0,0,0,0,19,0,1739501187,FALSE,IN_SERVICE,1,1,1
7041,2,2,0,0,21,0,1739501216,FALSE,IN_SERVICE,1,1,1
7042,15,15,0,0,15,1,1739501074,FALSE,IN_SERVICE,1,1,1
7043,15,15,0,0,4,0,1739501177,FALSE,IN_SERVICE,1,1,1
7044,21,21,0,1,13,0,1739501070,FALSE,IN_SERVICE,1,1,1
7045,13,13,0,0,23,1,1739501165,FALSE,IN_SERVICE,1,1,1
7046,2,2,0,0,39,0,1739501183,FALSE,IN_SERVICE,1,1,1
7047,3,3,0,0,22,0,1739501184,FALSE,IN_SERVICE,1,1,1
7048,37,37,0,0,10,0,1739501090,FALSE,IN_SERVICE,1,1,1
7049,12,11,1,1,2,0,1739501093,FALSE,IN_SERVICE,1,1,1
7050,1,1,0,0,15,0,1739501111,TRUE,IN_SERVICE,1,1,1
7052,27,27,0,0,27,0,1739501098,FALSE,IN_SERVICE,1,1,1
7053,15,15,0,1,11,0,1739501043,FALSE,IN_SERVICE,1,1,1
7054,9,9,0,0,0,0,1739501217,FALSE,IN_SERVICE,1,1,1
7055,0,0,0,1,12,0,1739501182,FALSE,IN_SERVICE,1,1,1
7057,19,19,0,0,7,0,1739501179,FALSE,IN_SERVICE,1,1,1
7059,3,3,0,0,12,0,1739501039,FALSE,IN_SERVICE,1,1,1
7061,2,2,0,0,10,3,1739501120,FALSE,IN_SERVICE,1,1,1
7063,6,6,0,1,15,0,1739501057,FALSE,IN_SERVICE,1,1,1
7064,7,7,0,0,12,0,1739501125,FALSE,IN_SERVICE,1,1,1
7065,12,11,1,0,3,0,1739501168,FALSE,IN_SERVICE,1,1,1
7066,10,10,0,2,3,0,1739501157,FALSE,IN_SERVICE,1,1,1
7068,3,3,0,0,20,0,1739501132,FALSE,IN_SERVICE,1,1,1
7069,9,9,0,0,2,0,1739501041,FALSE,IN_SERVICE,1,1,1
7070,6,6,0,0,5,0,1739501040,FALSE,IN_SERVICE,1,1,1
7071,12,12,0,0,11,0,1739501202,FALSE,IN_SERVICE,1,1,1
7073,11,11,0,3,9,0,1739501173,FALSE,IN_SERVICE,1,1,1
7074,8,8,0,0,6,0,1739501147,FALSE,IN_SERVICE,1,1,1
7075,7,7,0,0,20,0,1739501115,FALSE,IN_SERVICE,1,1,1
7076,16,16,0,0,39,1,1739501079,FALSE,IN_SERVICE,1,1,1
7077,5,5,0,1,13,0,1739501042,FALSE,IN_SERVICE,1,1,1
7078,8,7,1,1,5,1,1739501088,FALSE,IN_SERVICE,1,1,1
7079,2,1,1,1,16,0,1739501040,FALSE,IN_SERVICE,1,1,1
7083,7,7,0,0,8,0,1739501168,FALSE,IN_SERVICE,1,1,1
7084,1,1,0,0,10,0,1739501045,FALSE,IN_SERVICE,1,1,1
7085,1,1,0,0,14,0,1739501051,FALSE,IN_SERVICE,1,1,1
7086,4,4,0,1,18,0,1739501148,FALSE,IN_SERVICE,1,1,1
7087,10,10,0,1,0,0,1739501161,FALSE,IN_SERVICE,1,1,1
7088,2,2,0,1,11,1,1739501048,FALSE,IN_SERVICE,1,1,1
7089,13,13,0,0,14,0,1739501050,FALSE,IN_SERVICE,1,1,1
7090,1,1,0,0,17,1,1739501113,FALSE,IN_SERVICE,1,1,1
7091,1,1,0,0,14,0,1739501142,FALSE,IN_SERVICE,1,1,1
7093,16,16,0,0,8,1,1739501056,FALSE,IN_SERVICE,1,1,1
7094,2,2,0,0,23,0,1739501208,TRUE,IN_SERVICE,1,1,1
7095,1,1,0,0,13,0,1739501121,FALSE,IN_SERVICE,1,1,1
7096,3,3,0,0,14,2,1739501181,FALSE,IN_SERVICE,1,1,1
7097,1,1,0,0,14,0,1739501126,FALSE,IN_SERVICE,1,1,1
7098,3,3,0,0,12,0,1739501076,FALSE,IN_SERVICE,1,1,1
7099,1,1,0,0,10,0,1739501175,FALSE,IN_SERVICE,1,1,1
7100,10,10,0,1,14,1,1739501083,FALSE,IN_SERVICE,1,1,1
7101,21,21,0,2,3,1,1739501122,FALSE,IN_SERVICE,1,1,1
7102,15,15,0,0,13,1,1739501212,FALSE,IN_SERVICE,1,1,1
7103,14,14,0,0,1,0,1739501178,FALSE,IN_SERVICE,1,1,1
7104,6,6,0,1,7,1,1739501133,FALSE,IN_SERVICE,1,1,1
7105,5,5,0,0,9,1,1739501134,FALSE,IN_SERVICE,1,1,1
7106,8,8,0,0,19,0,1739501095,FALSE,IN_SERVICE,1,1,1
7107,2,2,0,0,13,0,1739501216,FALSE,IN_SERVICE,1,1,1
7108,1,1,0,0,13,1,1739501125,FALSE,IN_SERVICE,1,1,1
7109,2,2,0,1,29,0,1739501085,FALSE,IN_SERVICE,1,1,1
7110,2,2,0,1,11,1,1739501171,FALSE,IN_SERVICE,1,1,1
7111,1,1,0,1,9,0,1739501176,FALSE,IN_SERVICE,1,1,1
7112,3,3,0,1,13,2,1739501182,FALSE,IN_SERVICE,1,1,1
7113,2,2,0,2,11,0,1739501099,FALSE,IN_SERVICE,1,1,1
7114,16,16,0,1,8,0,1739501076,FALSE,IN_SERVICE,1,1,1
7115,12,4,8,0,18,1,1739501161,FALSE,IN_SERVICE,1,1,1
7116,1,1,0,0,17,1,1739501216,FALSE,IN_SERVICE,1,1,1
7117,3,3,0,0,14,2,1739501052,FALSE,IN_SERVICE,1,1,1
7118,8,7,1,1,9,0,1739501087,FALSE,IN_SERVICE,1,1,1
7119,3,3,0,1,9,0,1739501189,FALSE,IN_SERVICE,1,1,1
7120,6,6,0,1,2,0,1739501155,FALSE,IN_SERVICE,1,1,1
7121,6,6,0,0,21,0,1739501081,FALSE,IN_SERVICE,1,1,1
7122,7,7,0,0,8,0,1739501215,FALSE,IN_SERVICE,1,1,1
7123,6,6,0,0,5,2,1739501074,FALSE,IN_SERVICE,1,1,1
7124,10,9,1,0,7,1,1739501111,FALSE,IN_SERVICE,1,1,1
7126,3,3,0,0,12,2,1739501205,FALSE,IN_SERVICE,1,1,1
7127,7,7,0,0,8,0,1739501104,FALSE,IN_SERVICE,1,1,1
7128,4,4,0,0,19,0,1739501126,FALSE,IN_SERVICE,1,1,1
7129,3,3,0,2,5,1,1739501216,FALSE,IN_SERVICE,1,1,1
7130,5,5,0,1,8,0,1739501193,FALSE,IN_SERVICE,1,1,1
7131,1,1,0,2,11,1,1739501207,FALSE,IN_SERVICE,1,1,1
7132,0,0,0,1,7,1,1739501124,FALSE,IN_SERVICE,1,1,1
7133,1,1,0,0,10,0,1739501123,FALSE,IN_SERVICE,1,1,1
7135,16,16,0,0,14,0,1739501141,FALSE,IN_SERVICE,1,1,1
7137,0,0,0,0,13,1,1739501084,FALSE,IN_SERVICE,1,1,1
7138,7,7,0,0,20,0,1739501201,FALSE,IN_SERVICE,1,1,1
7139,2,2,0,2,11,0,1739501177,FALSE,IN_SERVICE,1,1,1
7140,1,1,0,0,14,0,1739501181,FALSE,IN_SERVICE,1,1,1
7141,0,0,0,0,15,0,1739501139,FALSE,IN_SERVICE,1,1,1
7142,4,4,0,1,10,0,1739501201,FALSE,IN_SERVICE,1,1,1
7143,1,1,0,0,14,0,1739501086,FALSE,IN_SERVICE,1,1,1
7144,0,0,0,0,15,0,1739501213,FALSE,IN_SERVICE,1,1,1
7146,2,2,0,1,16,0,1739501136,FALSE,IN_SERVICE,1,1,1
7147,6,6,0,0,9,0,1739501154,FALSE,IN_SERVICE,1,1,1
7148,4,4,0,1,17,1,1739501215,FALSE,IN_SERVICE,1,1,1
7149,0,0,0,0,11,0,1739501113,FALSE,IN_SERVICE,1,1,1
7150,14,14,0,1,4,0,1739501128,FALSE,IN_SERVICE,1,1,1
7151,2,2,0,0,16,1,1739501153,FALSE,IN_SERVICE,1,1,1
7152,2,2,0,0,8,0,1739501096,FALSE,IN_SERVICE,1,1,1
7153,1,1,0,0,13,2,1739501203,FALSE,IN_SERVICE,1,1,1
7154,6,6,0,0,14,1,1739501187,FALSE,IN_SERVICE,1,1,1
7155,0,0,0,1,18,0,1739501102,FALSE,IN_SERVICE,1,1,1
7156,2,2,0,0,13,0,1739501162,FALSE,IN_SERVICE,1,1,1
7157,2,2,0,1,19,1,1739501120,FALSE,IN_SERVICE,1,1,1
7158,1,1,0,0,14,0,1739501051,FALSE,IN_SERVICE,1,1,1
7160,16,16,0,0,3,0,1739501177,FALSE,IN_SERVICE,1,1,1
7161,19,19,0,0,4,0,1739501129,FALSE,IN_SERVICE,1,1,1
7162,6,6,0,0,17,0,1739501044,FALSE,IN_SERVICE,1,1,1
7163,4,4,0,1,10,0,1739501203,FALSE,IN_SERVICE,1,1,1
7164,13,13,0,0,8,0,1739501177,FALSE,IN_SERVICE,1,1,1
7168,39,39,0,1,5,0,1739501058,FALSE,IN_SERVICE,1,1,1
7169,7,7,0,1,3,0,1739501173,FALSE,IN_SERVICE,1,1,1
7170,1,1,0,0,14,0,1739501158,FALSE,IN_SERVICE,1,1,1
7171,11,11,0,1,14,0,1739501064,FALSE,IN_SERVICE,1,1,1
7172,4,4,0,0,14,0,1739501155,FALSE,IN_SERVICE,1,1,1
7173,14,14,0,1,4,0,1739501100,FALSE,IN_SERVICE,1,1,1
7174,12,12,0,1,2,0,1739501109,FALSE,IN_SERVICE,1,1,1
7175,21,21,0,1,3,1,1739501202,FALSE,IN_SERVICE,1,1,1
7176,6,6,0,0,12,1,1739501183,FALSE,IN_SERVICE,1,1,1
7178,3,3,0,1,11,0,1739501104,FALSE,IN_SERVICE,1,1,1
7180,10,10,0,0,13,0,1739501089,FALSE,IN_SERVICE,1,1,1
7181,1,0,1,1,12,1,1739501125,FALSE,IN_SERVICE,1,1,1
7182,0,0,0,0,19,0,1739501189,FALSE,IN_SERVICE,1,1,1
7183,2,2,0,1,12,0,1739501087,FALSE,IN_SERVICE,1,1,1
7184,8,8,0,1,2,0,1739501165,FALSE,IN_SERVICE,1,1,1
7188,8,8,0,0,7,0,1739501095,FALSE,IN_SERVICE,1,1,1
7189,5,5,0,0,9,0,1739501124,FALSE,IN_SERVICE,1,1,1
7190,3,2,1,0,11,0,1739501138,FALSE,IN_SERVICE,1,1,1
7191,0,0,0,0,11,0,1739501212,FALSE,IN_SERVICE,1,1,1
7192,3,3,0,0,12,0,1739501145,FALSE,IN_SERVICE,1,1,1
7193,0,0,0,0,15,0,1739501123,FALSE,IN_SERVICE,1,1,1
7194,12,11,1,1,10,0,1739501134,FALSE,IN_SERVICE,1,1,1
7195,1,1,0,0,10,0,1739501110,FALSE,IN_SERVICE,1,1,1
7196,0,0,0,0,10,0,1739501094,FALSE,IN_SERVICE,1,1,1
7197,1,1,0,0,10,0,1739501205,FALSE,IN_SERVICE,1,1,1
7198,6,5,1,0,12,0,1739501054,FALSE,IN_SERVICE,1,1,1
7199,10,10,0,1,5,1,1739501100,FALSE,IN_SERVICE,1,1,1
7202,21,21,0,0,2,0,1739501045,FALSE,IN_SERVICE,1,1,1
7203,20,20,0,0,13,0,1739501169,FALSE,IN_SERVICE,1,1,1
7204,10,10,0,0,9,0,1739501205,FALSE,IN_SERVICE,1,1,1
7205,8,8,0,0,7,0,1739501198,FALSE,IN_SERVICE,1,1,1
7206,3,1,2,1,9,0,1739501038,FALSE,IN_SERVICE,1,1,1
7207,24,24,0,0,22,0,1739501094,FALSE,IN_SERVICE,1,1,1
7208,7,7,0,0,7,1,1739501198,FALSE,IN_SERVICE,1,1,1
7209,12,12,0,0,7,0,1739501147,FALSE,IN_SERVICE,1,1,1
7210,0,0,0,0,15,0,1739501195,FALSE,IN_SERVICE,1,1,1
7211,3,3,0,1,11,0,1739501151,FALSE,IN_SERVICE,1,1,1
7216,3,3,0,0,18,2,1739501181,FALSE,IN_SERVICE,1,1,1
7217,13,13,0,0,2,0,1739501139,FALSE,IN_SERVICE,1,1,1
7220,2,2,0,1,16,0,1739501080,FALSE,IN_SERVICE,1,1,1
7221,0,0,0,0,11,0,1739501110,FALSE,IN_SERVICE,1,1,1
7222,14,14,0,0,13,0,1739501077,FALSE,IN_SERVICE,1,1,1
7223,8,8,0,1,3,0,1739501152,FALSE,IN_SERVICE,1,1,1
7224,0,0,0,0,23,0,1739501198,FALSE,IN_SERVICE,1,1,1
7225,2,1,1,0,15,0,1739501183,FALSE,IN_SERVICE,1,1,1
7226,12,12,0,0,5,1,1739501076,FALSE,IN_SERVICE,1,1,1
7227,14,14,0,0,17,0,1739501126,FALSE,IN_SERVICE,1,1,1
7228,5,5,0,0,14,0,1739501128,FALSE,IN_SERVICE,1,1,1
7229,0,0,0,1,11,0,1739501052,FALSE,IN_SERVICE,1,1,1
7230,7,7,0,1,11,0,1739501172,FALSE,IN_SERVICE,1,1,1
7231,0,0,0,0,18,0,1739501099,FALSE,IN_SERVICE,1,1,1
7232,4,4,0,1,11,0,1739501139,FALSE,IN_SERVICE,1,1,1
7233,4,4,0,0,12,0,1739501145,FALSE,IN_SERVICE,1,1,1
7234,2,2,0,1,16,0,1739501178,FALSE,IN_SERVICE,1,1,1
7235,3,3,0,0,13,0,1739501139,FALSE,IN_SERVICE,1,1,1
7236,20,20,0,0,2,1,1739501163,FALSE,IN_SERVICE,1,1,1
7237,5,5,0,0,10,0,1739501158,FALSE,IN_SERVICE,1,1,1
7238,3,2,1,0,13,0,1739501123,FALSE,IN_SERVICE,1,1,1
7239,0,0,0,2,39,1,1739501093,FALSE,IN_SERVICE,1,1,1
7240,21,21,0,2,11,0,1739501094,FALSE,IN_SERVICE,1,1,1
7241,6,6,0,0,6,0,1739501088,FALSE,IN_SERVICE,1,1,1
7242,7,7,0,1,26,0,1739501210,FALSE,IN_SERVICE,1,1,1
7243,8,8,0,2,3,1,1739501046,FALSE,IN_SERVICE,1,1,1
7244,2,2,0,0,14,0,1739501059,FALSE,IN_SERVICE,1,1,1
7245,7,7,0,0,1,0,1739501185,FALSE,IN_SERVICE,1,1,1
7246,0,0,0,1,16,2,1739501139,FALSE,IN_SERVICE,1,1,1
7247,0,0,0,1,11,0,1739501127,FALSE,IN_SERVICE,1,1,1
7248,4,4,0,0,14,0,1739501174,FALSE,IN_SERVICE,1,1,1
7250,6,6,0,5,5,0,1739501102,FALSE,IN_SERVICE,1,1,1
7252,3,3,0,0,14,1,1739501167,FALSE,IN_SERVICE,1,1,1
7253,3,3,0,0,8,0,1739501097,FALSE,IN_SERVICE,1,1,1
7256,3,3,0,2,6,1,1739501217,FALSE,IN_SERVICE,1,1,1
7257,13,13,0,1,4,0,1739501089,FALSE,IN_SERVICE,1,1,1
7258,14,14,0,0,1,0,1739501080,FALSE,IN_SERVICE,1,1,1
7259,16,16,0,0,1,1,1739501102,FALSE,IN_SERVICE,1,1,1
7260,1,1,0,0,13,0,1739501216,FALSE,IN_SERVICE,1,1,1
7261,10,10,0,0,14,0,1739501165,FALSE,IN_SERVICE,1,1,1
7262,3,3,0,1,12,0,1739501188,FALSE,IN_SERVICE,1,1,1
7264,4,4,0,0,15,1,1739501079,FALSE,IN_SERVICE,1,1,1
7265,5,5,0,0,6,1,1739501071,FALSE,IN_SERVICE,1,1,1
7266,8,8,0,0,12,0,1739501120,FALSE,IN_SERVICE,1,1,1
7267,4,4,0,0,11,0,1739501213,FALSE,IN_SERVICE,1,1,1
7268,5,5,0,0,10,0,1739501106,FALSE,IN_SERVICE,1,1,1
7269,9,9,0,0,11,0,1739501200,FALSE,IN_SERVICE,1,1,1
7270,0,0,0,0,19,1,1739501210,FALSE,IN_SERVICE,1,1,1
7271,3,3,0,0,13,1,1739501161,FALSE,IN_SERVICE,1,1,1
7272,4,4,0,1,7,0,1739501198,FALSE,IN_SERVICE,1,1,1
7273,1,1,0,0,18,1,1739501112,FALSE,IN_SERVICE,1,1,1
7274,3,3,0,0,13,0,1739501159,FALSE,IN_SERVICE,1,1,1
7276,0,0,0,0,11,0,1739501197,FALSE,IN_SERVICE,1,1,1
7277,7,7,0,0,12,1,1739501156,FALSE,IN_SERVICE,1,1,1
7278,15,15,0,0,1,0,1739501170,FALSE,IN_SERVICE,1,1,1
7279,1,1,0,0,15,0,1739501198,FALSE,IN_SERVICE,1,1,1
7280,10,9,1,0,9,1,1739501095,FALSE,IN_SERVICE,1,1,1
7281,3,3,0,0,19,1,1739501101,FALSE,IN_SERVICE,1,1,1
7282,13,13,0,1,9,0,1739501203,FALSE,IN_SERVICE,1,1,1
7283,8,8,0,1,10,0,1739501116,FALSE,IN_SERVICE,1,1,1
7284,20,20,0,1,3,0,1739501178,FALSE,IN_SERVICE,1,1,1
7285,18,18,0,1,17,0,1739501082,FALSE,IN_SERVICE,1,1,1
7286,13,13,0,0,5,0,1739501121,FALSE,IN_SERVICE,1,1,1
7287,9,9,0,1,5,0,1739501211,FALSE,IN_SERVICE,1,1,1
7288,11,11,0,2,16,0,1739501150,FALSE,IN_SERVICE,1,1,1
7289,6,6,0,1,15,1,1739501045,FALSE,IN_SERVICE,1,1,1
7291,9,9,0,0,5,0,1739501137,FALSE,IN_SERVICE,1,1,1
7292,7,7,0,0,16,1,1739501213,FALSE,IN_SERVICE,1,1,1
7296,8,8,0,1,8,1,1739501206,FALSE,IN_SERVICE,1,1,1
7297,3,3,0,2,14,0,1739501052,FALSE,IN_SERVICE,1,1,1
7298,4,3,1,0,17,1,1739501102,FALSE,IN_SERVICE,1,1,1
7299,8,8,0,0,7,0,1739501050,FALSE,IN_SERVICE,1,1,1
7301,7,7,0,0,7,1,1739501176,FALSE,IN_SERVICE,1,1,1
7302,0,0,0,2,9,0,1739501099,FALSE,IN_SERVICE,1,1,1
7303,4,4,0,0,14,1,1739501209,FALSE,IN_SERVICE,1,1,1
7309,18,18,0,0,5,0,1739501121,FALSE,IN_SERVICE,1,1,1
7311,1,1,0,1,17,0,1739501047,FALSE,IN_SERVICE,1,1,1
7312,1,1,0,0,10,0,1739501137,FALSE,IN_SERVICE,1,1,1
7313,15,14,1,0,0,0,1739501148,FALSE,IN_SERVICE,1,1,1
7314,10,10,0,0,5,0,1739501058,FALSE,IN_SERVICE,1,1,1
7315,10,10,0,0,1,0,1739501119,FALSE,IN_SERVICE,1,1,1
7316,9,9,0,0,6,0,1739501082,FALSE,IN_SERVICE,1,1,1
7317,9,9,0,2,8,0,1739501084,FALSE,IN_SERVICE,1,1,1
7318,8,8,0,0,7,0,1739501121,FALSE,IN_SERVICE,1,1,1
7319,10,10,0,0,1,0,1739501116,FALSE,IN_SERVICE,1,1,1
7320,15,15,0,0,4,0,1739501065,FALSE,IN_SERVICE,1,1,1
7321,16,16,0,1,2,0,1739501208,FALSE,IN_SERVICE,1,1,1
7322,2,2,0,0,16,1,1739501204,FALSE,IN_SERVICE,1,1,1
7323,11,11,0,1,7,0,1739501169,FALSE,IN_SERVICE,1,1,1
7324,6,6,0,2,12,2,1739501161,FALSE,IN_SERVICE,1,1,1
7326,10,10,0,0,9,0,1739501200,FALSE,IN_SERVICE,1,1,1
7327,0,0,0,0,14,1,1739501200,FALSE,IN_SERVICE,1,1,1
7329,5,5,0,2,12,0,1739501166,FALSE,IN_SERVICE,1,1,1
7331,2,2,0,4,13,0,1739501100,FALSE,IN_SERVICE,1,1,1
7332,0,0,0,0,23,0,1739501171,FALSE,IN_SERVICE,1,1,1
7333,8,8,0,0,10,1,1739501169,FALSE,IN_SERVICE,1,1,1
7334,12,12,0,2,1,0,1739501196,FALSE,IN_SERVICE,1,1,1
7335,10,10,0,0,9,0,1739501218,FALSE,IN_SERVICE,1,1,1
7336,17,17,0,1,1,0,1739501077,FALSE,IN_SERVICE,1,1,1
7337,18,18,0,0,3,0,1739501126,FALSE,IN_SERVICE,1,1,1
7338,16,15,1,0,3,0,1739501110,FALSE,IN_SERVICE,1,1,1
7339,1,1,0,0,14,0,1739501216,FALSE,IN_SERVICE,1,1,1
7340,9,9,0,0,6,0,1739501069,FALSE,IN_SERVICE,1,1,1
7341,4,4,0,0,10,0,1739501053,FALSE,IN_SERVICE,1,1,1
7342,9,9,0,1,1,0,1739501087,FALSE,IN_SERVICE,1,1,1
7343,9,9,0,1,13,0,1739501159,FALSE,IN_SERVICE,1,1,1
7344,14,14,0,3,31,0,1739501202,FALSE,IN_SERVICE,1,1,1
7345,18,18,0,0,12,0,1739501086,FALSE,IN_SERVICE,1,1,1
7346,21,21,0,0,2,0,1739501051,FALSE,IN_SERVICE,1,1,1
7347,2,2,0,1,12,0,1739501165,FALSE,IN_SERVICE,1,1,1
7348,8,8,0,1,10,0,1739501173,FALSE,IN_SERVICE,1,1,1
7349,1,1,0,0,21,1,1739501043,FALSE,IN_SERVICE,1,1,1
7350,3,3,0,0,20,0,1739501206,FALSE,IN_SERVICE,1,1,1
7351,2,2,0,0,17,0,1739501110,FALSE,IN_SERVICE,1,1,1
7352,2,2,0,1,15,1,1739501131,FALSE,IN_SERVICE,1,1,1
7353,1,1,0,0,18,0,1739501205,FALSE,IN_SERVICE,1,1,1
7354,8,8,0,0,23,0,1739501119,FALSE,IN_SERVICE,1,1,1
7355,4,4,0,0,11,0,1739501202,FALSE,IN_SERVICE,1,1,1
7356,19,19,0,0,12,0,1739501049,FALSE,IN_SERVICE,1,1,1
7357,10,10,0,0,7,1,1739501163,FALSE,IN_SERVICE,1,1,1
7358,11,11,0,0,5,0,1739501217,FALSE,IN_SERVICE,1,1,1
7359,19,19,0,0,2,2,1739501076,FALSE,IN_SERVICE,1,1,1
7360,2,1,1,1,14,0,1739501206,FALSE,IN_SERVICE,1,1,1
7361,0,0,0,2,17,0,1739501155,FALSE,IN_SERVICE,1,1,1
7362,6,6,0,0,12,0,1739501106,FALSE,IN_SERVICE,1,1,1
7363,6,6,0,0,9,0,1739501187,FALSE,IN_SERVICE,1,1,1
7364,18,18,0,0,1,0,1739501088,FALSE,IN_SERVICE,1,1,1
7365,8,8,0,0,14,1,1739501160,FALSE,IN_SERVICE,1,1,1
7366,2,2,0,1,17,0,1739501129,FALSE,IN_SERVICE,1,1,1
7367,5,5,0,1,9,0,1739501139,FALSE,IN_SERVICE,1,1,1
7368,2,2,0,0,4,0,1739501169,FALSE,IN_SERVICE,1,1,1
7371,0,0,0,0,20,0,1739501209,FALSE,IN_SERVICE,1,1,1
7373,13,13,0,0,0,0,1739501110,FALSE,IN_SERVICE,1,1,1
7374,17,17,0,0,2,0,1739501143,FALSE,IN_SERVICE,1,1,1
7375,5,5,0,0,6,0,1739501041,FALSE,IN_SERVICE,1,1,1
7376,0,0,0,0,19,0,1739501130,FALSE,IN_SERVICE,1,1,1
7377,13,13,0,0,22,0,1739501112,FALSE,IN_SERVICE,1,1,1
7378,1,1,0,0,14,0,1739501145,FALSE,IN_SERVICE,1,1,1
7379,0,0,0,0,15,0,1739501074,FALSE,IN_SERVICE,1,1,1
7380,0,0,0,1,15,0,1739501173,FALSE,IN_SERVICE,1,1,1
7381,0,0,0,1,34,0,1739501165,FALSE,IN_SERVICE,1,1,1
7383,7,7,0,0,8,0,1739501204,FALSE,IN_SERVICE,1,1,1
7384,7,7,0,0,2,0,1739501046,FALSE,IN_SERVICE,1,1,1
7385,4,3,1,1,28,0,1739501169,TRUE,IN_SERVICE,1,1,1
7386,5,5,0,0,11,0,1739501189,FALSE,IN_SERVICE,1,1,1
7387,8,8,0,0,4,0,1739501047,FALSE,IN_SERVICE,1,1,1
7388,3,3,0,0,11,1,1739501077,FALSE,IN_SERVICE,1,1,1
7389,6,6,0,0,19,0,1739501170,FALSE,IN_SERVICE,1,1,1
7391,14,14,0,0,15,0,1739501183,FALSE,IN_SERVICE,1,1,1
7395,1,1,0,0,22,0,1739501127,FALSE,IN_SERVICE,1,1,1
7398,9,9,0,0,10,0,1739501083,FALSE,IN_SERVICE,1,1,1
7399,8,8,0,1,8,0,1739501154,FALSE,IN_SERVICE,1,1,1
7400,11,11,0,0,12,0,1739501056,FALSE,IN_SERVICE,1,1,1
7403,1,1,0,1,17,0,1739501154,FALSE,IN_SERVICE,1,1,1
7404,0,0,0,0,18,1,1739501107,FALSE,IN_SERVICE,1,1,1
7407,11,10,1,1,6,0,1739501176,FALSE,IN_SERVICE,1,1,1
7409,1,1,0,0,26,0,1739501211,FALSE,IN_SERVICE,1,1,1
7410,1,1,0,0,17,1,1739501180,FALSE,IN_SERVICE,1,1,1
7411,5,5,0,1,16,1,1739501188,FALSE,IN_SERVICE,1,1,1
7412,8,8,0,0,15,0,1739501186,FALSE,IN_SERVICE,1,1,1
7414,2,2,0,0,13,0,1739501113,FALSE,IN_SERVICE,1,1,1
7415,7,7,0,0,15,1,1739501204,FALSE,IN_SERVICE,1,1,1
7416,17,17,0,0,13,0,1739501098,FALSE,IN_SERVICE,1,1,1
7417,3,3,0,0,8,0,1739501158,FALSE,IN_SERVICE,1,1,1
7418,17,17,0,0,8,0,1739501202,FALSE,IN_SERVICE,1,1,1
7419,4,4,0,0,23,0,1739501192,FALSE,IN_SERVICE,1,1,1
7420,1,1,0,0,27,0,1739501201,FALSE,IN_SERVICE,1,1,1
7422,3,3,0,0,12,1,1739501210,FALSE,IN_SERVICE,1,1,1
7424,1,1,0,0,22,0,1739501054,FALSE,IN_SERVICE,1,1,1
7425,3,3,0,1,18,1,1739501188,FALSE,IN_SERVICE,1,1,1
7427,17,17,0,1,9,0,1739501173,FALSE,IN_SERVICE,1,1,1
7428,23,23,0,0,4,0,1739501170,FALSE,IN_SERVICE,1,1,1
7429,0,0,0,1,14,0,1739501042,FALSE,IN_SERVICE,1,1,1
7430,17,17,0,0,10,0,1739501058,FALSE,IN_SERVICE,1,1,1
7431,24,24,0,0,1,0,1739501195,FALSE,IN_SERVICE,1,1,1
7432,24,24,0,1,20,2,1739501142,FALSE,IN_SERVICE,1,1,1
7433,11,11,0,1,4,0,1739501197,FALSE,IN_SERVICE,1,1,1
7434,4,3,1,1,33,1,1739501083,TRUE,IN_SERVICE,1,1,1
7435,3,2,1,2,6,0,1739501173,FALSE,IN_SERVICE,1,1,1
7437,2,2,0,1,11,1,1739501191,FALSE,IN_SERVICE,1,1,1
7438,2,2,0,1,16,0,1739501165,FALSE,IN_SERVICE,1,1,1
7441,10,10,0,1,10,1,1739501204,FALSE,IN_SERVICE,1,1,1
7442,13,13,0,0,2,0,1739501180,FALSE,IN_SERVICE,1,1,1
7443,3,3,0,0,22,0,1739501040,FALSE,IN_SERVICE,1,1,1
7444,5,5,0,2,13,0,1739501212,FALSE,IN_SERVICE,1,1,1
7445,16,16,0,1,2,0,1739501101,FALSE,IN_SERVICE,1,1,1
7446,16,16,0,0,3,0,1739501213,FALSE,IN_SERVICE,1,1,1
7447,4,4,0,0,19,0,1739501195,FALSE,IN_SERVICE,1,1,1
7448,8,8,0,0,11,0,1739501093,FALSE,IN_SERVICE,1,1,1
7449,14,14,0,0,1,0,1739501073,FALSE,IN_SERVICE,1,1,1
7451,1,1,0,0,28,0,1739501134,FALSE,IN_SERVICE,1,1,1
7452,4,4,0,1,17,1,1739501117,FALSE,IN_SERVICE,1,1,1
7453,0,0,0,0,16,0,1739501044,FALSE,IN_SERVICE,1,1,1
7454,12,12,0,0,2,1,1739501088,FALSE,IN_SERVICE,1,1,1
7455,1,1,0,0,26,0,1739501040,FALSE,IN_SERVICE,1,1,1
7457,7,7,0,0,16,0,1739501085,FALSE,IN_SERVICE,1,1,1
7458,6,6,0,1,10,0,1739501118,FALSE,IN_SERVICE,1,1,1
7459,4,4,0,1,6,0,1739501207,FALSE,IN_SERVICE,1,1,1
7460,7,7,0,0,20,0,1739501047,FALSE,IN_SERVICE,1,1,1
7461,1,1,0,2,20,0,1739501172,FALSE,IN_SERVICE,1,1,1
7462,2,2,0,1,14,0,1739501051,FALSE,IN_SERVICE,1,1,1
7465,6,6,0,1,11,0,1739501114,FALSE,IN_SERVICE,1,1,1
7466,8,8,0,3,8,0,1739501212,FALSE,IN_SERVICE,1,1,1
7467,5,5,0,0,8,0,1739501197,FALSE,IN_SERVICE,1,1,1
7468,18,18,0,1,8,0,1739501071,FALSE,IN_SERVICE,1,1,1
7469,15,15,0,0,6,0,1739501061,FALSE,IN_SERVICE,1,1,1
7471,3,3,0,0,12,0,1739501099,TRUE,IN_SERVICE,1,1,1
7473,1,1,0,0,14,0,1739501097,FALSE,IN_SERVICE,1,1,1
7474,9,9,0,2,9,1,1739501198,FALSE,IN_SERVICE,1,1,1
7475,16,16,0,0,2,1,1739501158,FALSE,IN_SERVICE,1,1,1
7476,5,5,0,2,8,0,1739501137,FALSE,IN_SERVICE,1,1,1
7477,5,5,0,1,14,0,1739501144,FALSE,IN_SERVICE,1,1,1
7478,7,7,0,0,11,0,1739501185,FALSE,IN_SERVICE,1,1,1
7479,1,1,0,1,13,0,1739501200,FALSE,IN_SERVICE,1,1,1
7480,4,4,0,2,7,0,1739501112,FALSE,IN_SERVICE,1,1,1
7483,0,0,0,0,12,0,1739501147,FALSE,IN_SERVICE,1,1,1
7484,2,2,0,0,14,0,1739501052,FALSE,IN_SERVICE,1,1,1
7485,8,8,0,1,4,0,1739501102,FALSE,IN_SERVICE,1,1,1
7486,0,0,0,1,22,0,1739501115,FALSE,IN_SERVICE,1,1,1
7487,14,14,0,0,1,0,1739501080,FALSE,IN_SERVICE,1,1,1
7488,1,1,0,1,9,0,1739501195,FALSE,IN_SERVICE,1,1,1
7489,15,15,0,0,4,0,1739501214,FALSE,IN_SERVICE,1,1,1
7492,11,11,0,2,2,0,1739501079,FALSE,IN_SERVICE,1,1,1
7493,3,3,0,0,9,0,1739501217,FALSE,IN_SERVICE,1,1,1
7494,0,0,0,0,12,0,1739501128,FALSE,IN_SERVICE,1,1,1
7496,7,7,0,0,12,0,1739501131,FALSE,IN_SERVICE,1,1,1
7497,0,0,0,1,19,0,1739501197,FALSE,IN_SERVICE,1,1,1
7501,6,6,0,0,14,0,1739501177,FALSE,IN_SERVICE,1,1,1
7502,9,8,1,1,9,1,1739501125,FALSE,IN_SERVICE,1,1,1
7503,0,0,0,0,20,0,1739501134,FALSE,IN_SERVICE,1,1,1
7504,0,0,0,0,16,0,1739501209,FALSE,IN_SERVICE,1,1,1
7505,5,5,0,0,13,0,1739501161,FALSE,IN_SERVICE,1,1,1
7506,6,6,0,0,6,0,1739501189,FALSE,IN_SERVICE,1,1,1
7508,16,15,1,0,4,0,1739501159,FALSE,IN_SERVICE,1,1,1
7514,23,23,0,4,35,0,1739501067,FALSE,IN_SERVICE,1,1,1
7515,17,17,0,0,10,0,1739501144,FALSE,IN_SERVICE,1,1,1
7516,7,7,0,0,10,0,1739501204,FALSE,IN_SERVICE,1,1,1
7517,10,10,0,1,11,1,1739501050,FALSE,IN_SERVICE,1,1,1
7518,3,3,0,0,24,0,1739501139,FALSE,IN_SERVICE,1,1,1
7519,0,0,0,0,19,0,1739501149,FALSE,IN_SERVICE,1,1,1
7520,5,5,0,0,10,0,1739501201,FALSE,IN_SERVICE,1,1,1
7521,2,2,0,0,21,0,1739501086,FALSE,IN_SERVICE,1,1,1
7522,5,5,0,0,12,0,1739501050,FALSE,IN_SERVICE,1,1,1
7523,5,5,0,1,8,1,1739501089,FALSE,IN_SERVICE,1,1,1
7524,2,2,0,0,33,0,1739501148,FALSE,IN_SERVICE,1,1,1
7526,6,6,0,3,13,1,1739501090,FALSE,IN_SERVICE,1,1,1
7527,2,2,0,1,16,0,1739501203,FALSE,IN_SERVICE,1,1,1
7528,3,3,0,0,14,0,1739501103,FALSE,IN_SERVICE,1,1,1
7529,2,2,0,1,12,0,1739501168,FALSE,IN_SERVICE,1,1,1
7530,7,6,1,0,15,0,1739501120,FALSE,IN_SERVICE,1,1,1
7531,1,1,0,0,19,0,1739501108,FALSE,IN_SERVICE,1,1,1
7533,21,21,0,1,4,0,1739501051,FALSE,IN_SERVICE,1,1,1
7534,2,2,0,0,13,0,1739501146,FALSE,IN_SERVICE,1,1,1
7536,0,0,0,0,22,1,1739501166,FALSE,IN_SERVICE,1,1,1
7537,2,2,0,0,14,0,1739501086,FALSE,IN_SERVICE,1,1,1
7538,5,5,0,1,13,0,1739501041,FALSE,IN_SERVICE,1,1,1
7539,2,2,0,0,17,0,1739501188,FALSE,IN_SERVICE,1,1,1
7540,0,0,0,0,18,1,1739501181,FALSE,IN_SERVICE,1,1,1
7541,14,9,5,0,6,0,1739501208,FALSE,IN_SERVICE,1,1,1
7542,17,16,1,0,6,0,1739501202,FALSE,IN_SERVICE,1,1,1
7543,1,1,0,0,14,0,1739501104,FALSE,IN_SERVICE,1,1,1
7545,13,13,0,0,2,0,1739501166,FALSE,IN_SERVICE,1,1,1
7546,2,2,0,0,16,0,1739501107,FALSE,IN_SERVICE,1,1,1
7547,2,2,0,0,13,0,1739501055,FALSE,IN_SERVICE,1,1,1
7548,4,4,0,1,15,0,1739501138,FALSE,IN_SERVICE,1,1,1
7549,1,1,0,0,46,0,1739501135,FALSE,IN_SERVICE,1,1,1
7552,9,9,0,0,9,1,1739501124,FALSE,IN_SERVICE,1,1,1
7553,16,16,0,2,1,0,1739501068,FALSE,IN_SERVICE,1,1,1
7554,22,22,0,0,4,0,1739501132,FALSE,IN_SERVICE,1,1,1
7555,3,3,0,1,16,0,1739501147,FALSE,IN_SERVICE,1,1,1
7556,10,7,3,0,21,0,1739501184,FALSE,IN_SERVICE,1,1,1
7557,19,19,0,0,4,0,1739501173,FALSE,IN_SERVICE,1,1,1
7558,0,0,0,1,18,0,1739501098,FALSE,IN_SERVICE,1,1,1
7559,4,4,0,2,9,0,1739501183,FALSE,IN_SERVICE,1,1,1
7561,8,8,0,2,5,0,1739501066,FALSE,IN_SERVICE,1,1,1
7562,0,0,0,0,23,0,1739501089,FALSE,IN_SERVICE,1,1,1
7563,9,9,0,1,9,0,1739501164,FALSE,IN_SERVICE,1,1,1
7564,1,1,0,0,22,0,1739501076,FALSE,IN_SERVICE,1,1,1
7565,8,8,0,1,13,1,1739501054,FALSE,IN_SERVICE,1,1,1
7566,0,0,0,0,19,0,1739501119,FALSE,IN_SERVICE,1,1,1
7567,2,2,0,0,25,0,1739501136,FALSE,IN_SERVICE,1,1,1
7568,7,7,0,1,18,0,1739501195,FALSE,IN_SERVICE,1,1,1
7569,13,13,0,1,31,0,1739501133,FALSE,IN_SERVICE,1,1,1
7570,4,4,0,0,12,0,1739501179,FALSE,IN_SERVICE,1,1,1
7571,17,17,0,0,2,0,1739501099,FALSE,IN_SERVICE,1,1,1
7572,1,1,0,0,14,0,1739501168,FALSE,IN_SERVICE,1,1,1
7575,2,2,0,0,12,0,1739501162,FALSE,IN_SERVICE,1,1,1
7576,18,18,0,1,3,0,1739501112,FALSE,IN_SERVICE,1,1,1
7577,21,21,0,0,5,1,1739501076,FALSE,IN_SERVICE,1,1,1
7579,3,2,1,1,15,0,1739501206,FALSE,IN_SERVICE,1,1,1
7580,6,6,0,0,9,0,1739501130,FALSE,IN_SERVICE,1,1,1
7581,3,3,0,0,12,0,1739501141,FALSE,IN_SERVICE,1,1,1
7582,6,6,0,0,10,0,1739501107,FALSE,IN_SERVICE,1,1,1
7583,3,3,0,1,18,0,1739501186,FALSE,IN_SERVICE,1,1,1
7584,0,0,0,1,26,0,1739501165,FALSE,IN_SERVICE,1,1,1
7585,7,7,0,1,18,0,1739501200,FALSE,IN_SERVICE,1,1,1
7586,5,5,0,1,17,0,1739501213,FALSE,IN_SERVICE,1,1,1
7587,2,2,0,0,17,0,1739501115,FALSE,IN_SERVICE,1,1,1
7588,6,6,0,0,13,0,1739501186,FALSE,IN_SERVICE,1,1,1
7589,2,2,0,0,13,0,1739501210,FALSE,IN_SERVICE,1,1,1
7590,4,4,0,0,19,0,1739501038,FALSE,IN_SERVICE,1,1,1
7591,0,0,0,1,22,0,1739501081,FALSE,IN_SERVICE,1,1,1
7593,4,4,0,0,23,0,1739501076,FALSE,IN_SERVICE,1,1,1
7594,7,7,0,0,8,0,1739501089,FALSE,IN_SERVICE,1,1,1
7595,1,1,0,1,13,0,1739501196,FALSE,IN_SERVICE,1,1,1
7596,11,11,0,0,21,0,1739501139,FALSE,IN_SERVICE,1,1,1
7597,0,0,0,0,15,0,1739501129,FALSE,IN_SERVICE,1,1,1
7598,0,0,0,0,15,0,1739501122,FALSE,IN_SERVICE,1,1,1
7599,1,1,0,1,15,0,1739501185,FALSE,IN_SERVICE,1,1,1
7600,12,12,0,1,6,0,1739501170,FALSE,IN_SERVICE,1,1,1
7601,14,14,0,1,6,0,1739501168,FALSE,IN_SERVICE,1,1,1
7602,7,7,0,0,12,0,1739501153,FALSE,IN_SERVICE,1,1,1
7603,4,4,0,1,9,0,1739501073,FALSE,IN_SERVICE,1,1,1
7604,3,3,0,2,13,0,1739501194,FALSE,IN_SERVICE,1,1,1
7605,0,0,0,0,20,0,1739501078,FALSE,IN_SERVICE,1,1,1
7606,1,1,0,0,18,0,1739501129,FALSE,IN_SERVICE,1,1,1
7607,7,7,0,0,12,0,1739501187,FALSE,IN_SERVICE,1,1,1
7608,6,6,0,0,21,0,1739501087,FALSE,IN_SERVICE,1,1,1
7609,15,15,0,0,12,0,1739501116,FALSE,IN_SERVICE,1,1,1
7610,3,3,0,0,12,0,1739501207,FALSE,IN_SERVICE,1,1,1
7611,8,8,0,0,11,0,1739501106,FALSE,IN_SERVICE,1,1,1
7612,7,7,0,0,12,0,1739501172,FALSE,IN_SERVICE,1,1,1
7613,2,2,0,0,17,0,1739501040,FALSE,IN_SERVICE,1,1,1
7614,9,9,0,0,14,0,1739501099,FALSE,IN_SERVICE,1,1,1
7615,0,0,0,0,19,0,1739501091,FALSE,IN_SERVICE,1,1,1
7616,18,18,0,1,0,0,1739501211,FALSE,IN_SERVICE,1,1,1
7617,16,16,0,0,2,0,1739501197,FALSE,IN_SERVICE,1,1,1
7618,1,1,0,0,18,0,1739501193,FALSE,IN_SERVICE,1,1,1
7619,0,0,0,0,15,0,1739501111,FALSE,IN_SERVICE,1,1,1
7620,0,0,0,1,30,0,1739501132,FALSE,IN_SERVICE,1,1,1
7622,4,4,0,1,18,0,1739501127,FALSE,IN_SERVICE,1,1,1
7623,15,15,0,1,3,0,1739501215,FALSE,IN_SERVICE,1,1,1
7624,9,9,0,0,2,0,1739501133,FALSE,IN_SERVICE,1,1,1
7625,0,0,0,1,22,0,1739501098,FALSE,IN_SERVICE,1,1,1
7626,22,22,0,0,3,0,1739501113,FALSE,IN_SERVICE,1,1,1
7627,7,6,1,2,6,0,1739501174,FALSE,IN_SERVICE,1,1,1
7629,7,7,0,0,8,0,1739501141,FALSE,IN_SERVICE,1,1,1
7630,17,17,0,0,5,0,1739501153,FALSE,IN_SERVICE,1,1,1
7631,10,10,0,1,4,0,1739501115,FALSE,IN_SERVICE,1,1,1
7632,2,2,0,0,15,0,1739501189,FALSE,IN_SERVICE,1,1,1
7633,4,4,0,0,11,0,1739501149,FALSE,IN_SERVICE,1,1,1
7635,5,5,0,0,10,0,1739501177,FALSE,IN_SERVICE,1,1,1
7636,4,4,0,0,19,0,1739501214,FALSE,IN_SERVICE,1,1,1
7637,1,1,0,1,17,0,1739501133,FALSE,IN_SERVICE,1,1,1
7639,2,2,0,0,14,0,1739501185,FALSE,IN_SERVICE,1,1,1
7640,0,0,0,0,14,1,1739501101,FALSE,IN_SERVICE,1,1,1
7641,4,4,0,2,9,0,1739501108,FALSE,IN_SERVICE,1,1,1
7642,0,0,0,1,16,2,1739501144,FALSE,IN_SERVICE,1,1,1
7643,1,1,0,0,18,0,1739501213,FALSE,IN_SERVICE,1,1,1
7644,6,6,0,1,8,0,1739501212,FALSE,IN_SERVICE,1,1,1
7645,6,6,0,0,9,1,1739501194,FALSE,IN_SERVICE,1,1,1
7646,14,14,0,1,0,0,1739501111,FALSE,IN_SERVICE,1,1,1
7647,12,12,0,0,5,0,1739501083,FALSE,IN_SERVICE,1,1,1
7650,0,0,0,0,23,0,1739501088,FALSE,IN_SERVICE,1,1,1
7654,2,2,0,0,4,1,1739501082,FALSE,IN_SERVICE,1,1,1
7655,5,5,0,0,10,0,1739501083,FALSE,IN_SERVICE,1,1,1
7656,5,5,0,1,5,0,1739501099,FALSE,IN_SERVICE,1,1,1
7657,17,17,0,0,2,1,1739501146,TRUE,IN_SERVICE,1,1,1
7658,11,11,0,0,16,0,1739501064,FALSE,IN_SERVICE,1,1,1
7659,1,1,0,0,18,0,1739501103,FALSE,IN_SERVICE,1,1,1
7660,35,35,0,0,4,0,1739501128,FALSE,IN_SERVICE,1,1,1
7662,14,14,0,2,3,0,1739501129,FALSE,IN_SERVICE,1,1,1
7663,2,2,0,0,15,0,1739501147,FALSE,IN_SERVICE,1,1,1
7664,5,5,0,0,10,0,1739501207,FALSE,IN_SERVICE,1,1,1
7665,2,2,0,0,9,0,1739501113,FALSE,IN_SERVICE,1,1,1
7666,0,0,0,1,25,0,1739501131,FALSE,IN_SERVICE,1,1,1
7667,7,7,0,0,26,1,1739501203,FALSE,IN_SERVICE,1,1,1
7668,5,5,0,0,15,0,1739501151,TRUE,IN_SERVICE,1,1,1
7671,0,0,0,0,12,0,1739501157,FALSE,IN_SERVICE,1,1,1
7675,7,6,1,1,6,0,1739501050,FALSE,IN_SERVICE,1,1,1
7676,5,5,0,1,10,0,1739501200,FALSE,IN_SERVICE,1,1,1
7677,1,1,0,1,14,0,1739501183,FALSE,IN_SERVICE,1,1,1
7678,3,3,0,0,13,0,1739501156,FALSE,IN_SERVICE,1,1,1
7679,2,2,0,0,13,0,1739501151,FALSE,IN_SERVICE,1,1,1
7680,15,15,0,0,2,1,1739501211,FALSE,IN_SERVICE,1,1,1
7681,5,5,0,1,18,0,1739501202,TRUE,IN_SERVICE,1,1,1
7682,20,20,0,0,14,0,1739501143,FALSE,IN_SERVICE,1,1,1
7684,4,4,0,0,19,0,1739501056,FALSE,IN_SERVICE,1,1,1
7685,9,9,0,0,13,0,1739501137,FALSE,IN_SERVICE,1,1,1
7686,5,5,0,0,9,0,1739501089,FALSE,IN_SERVICE,1,1,1
7687,3,3,0,2,6,0,1739501075,FALSE,IN_SERVICE,1,1,1
7688,8,8,0,1,6,0,1739501148,FALSE,IN_SERVICE,1,1,1
7691,0,0,0,2,17,0,1739501159,FALSE,IN_SERVICE,1,1,1
7692,22,22,0,0,4,0,1739501132,TRUE,IN_SERVICE,1,1,1
7693,5,5,0,0,12,1,1739501214,FALSE,IN_SERVICE,1,1,1
7694,0,0,0,0,19,0,1739501097,FALSE,IN_SERVICE,1,1,1
7695,16,16,0,0,3,0,1739501175,FALSE,IN_SERVICE,1,1,1
7696,13,13,0,0,6,0,1739501177,FALSE,IN_SERVICE,1,1,1
7698,0,0,0,1,13,0,1739501037,FALSE,IN_SERVICE,1,1,1
7699,0,0,0,0,13,2,1739501171,FALSE,IN_SERVICE,1,1,1
7700,0,0,0,0,15,0,1739501111,FALSE,IN_SERVICE,1,1,1
7701,4,4,0,0,15,0,1739501051,FALSE,IN_SERVICE,1,1,1
7702,8,8,0,1,9,0,1739501106,TRUE,IN_SERVICE,1,1,1
7703,3,3,0,0,16,0,1739501117,FALSE,IN_SERVICE,1,1,1
7704,0,0,0,0,19,0,1739501187,FALSE,IN_SERVICE,1,1,1
7705,13,13,0,0,6,0,1739501067,FALSE,IN_SERVICE,1,1,1
7706,13,13,0,2,12,0,1739501041,FALSE,IN_SERVICE,1,1,1
7707,1,1,0,1,17,0,1739501052,FALSE,IN_SERVICE,1,1,1
7708,9,9,0,0,18,0,1739501142,TRUE,IN_SERVICE,1,1,1
7709,1,1,0,0,22,0,1739501197,FALSE,IN_SERVICE,1,1,1
7710,1,1,0,0,17,0,1739501083,TRUE,IN_SERVICE,1,1,1
7711,4,4,0,0,11,0,1739501139,FALSE,IN_SERVICE,1,1,1
7712,20,20,0,0,2,0,1739501206,FALSE,IN_SERVICE,1,1,1
7713,16,16,0,0,7,0,1739501162,FALSE,IN_SERVICE,1,1,1
7715,8,8,0,1,0,0,1739501133,FALSE,IN_SERVICE,1,1,1
7716,11,11,0,1,6,0,1739501087,FALSE,IN_SERVICE,1,1,1
7717,1,1,0,0,10,0,1739501061,FALSE,IN_SERVICE,1,1,1
7718,1,1,0,0,9,1,1739501181,FALSE,IN_SERVICE,1,1,1
7719,10,10,0,1,16,1,1739501198,FALSE,IN_SERVICE,1,1,1
7720,18,18,0,0,14,0,1739501216,FALSE,IN_SERVICE,1,1,1
7721,6,6,0,1,2,2,1739501068,FALSE,IN_SERVICE,1,1,1
7724,1,1,0,2,12,0,1739501110,FALSE,IN_SERVICE,1,1,1
7728,3,3,0,1,15,0,1739501101,FALSE,IN_SERVICE,1,1,1
7729,3,3,0,2,38,0,1739501116,TRUE,IN_SERVICE,1,1,1
7730,0,0,0,0,42,0,1739501053,TRUE,IN_SERVICE,1,1,1
7731,5,5,0,0,10,0,1739501079,FALSE,IN_SERVICE,1,1,1
7732,3,3,0,0,12,0,1739501217,FALSE,IN_SERVICE,1,1,1
7733,5,5,0,0,10,0,1739501115,FALSE,IN_SERVICE,1,1,1
7734,2,2,0,0,13,0,1739501092,FALSE,IN_SERVICE,1,1,1
7735,1,1,0,0,14,0,1739501077,FALSE,IN_SERVICE,1,1,1
7736,9,9,0,0,6,0,1739501202,FALSE,IN_SERVICE,1,1,1
7737,11,11,0,0,4,0,1739501063,FALSE,IN_SERVICE,1,1,1
7738,6,6,0,0,9,0,1739501120,FALSE,IN_SERVICE,1,1,1
7739,4,4,0,0,11,0,1739501133,FALSE,IN_SERVICE,1,1,1
7740,2,2,0,0,13,0,1739501135,FALSE,IN_SERVICE,1,1,1
7741,12,12,0,0,3,0,1739501141,FALSE,IN_SERVICE,1,1,1
7742,11,11,0,0,8,0,1739501113,FALSE,IN_SERVICE,1,1,1
7743,5,5,0,1,13,0,1739501074,FALSE,IN_SERVICE,1,1,1
7744,1,1,0,1,21,0,1739501075,FALSE,IN_SERVICE,1,1,1
7745,3,2,1,0,11,0,1739501048,FALSE,IN_SERVICE,1,1,1
7746,4,4,0,2,13,0,1739501213,FALSE,IN_SERVICE,1,1,1
7747,4,4,0,1,10,0,1739501168,FALSE,IN_SERVICE,1,1,1
7748,8,8,0,0,11,0,1739501123,FALSE,IN_SERVICE,1,1,1
7749,3,3,0,0,12,0,1739501157,FALSE,IN_SERVICE,1,1,1
7750,8,8,0,0,7,0,1739501187,FALSE,IN_SERVICE,1,1,1
7751,2,2,0,0,13,0,1739501165,FALSE,IN_SERVICE,1,1,1
7752,7,7,0,2,14,0,1739501166,FALSE,IN_SERVICE,1,1,1
7753,9,9,0,1,5,0,1739501169,FALSE,IN_SERVICE,1,1,1
7754,1,1,0,1,13,0,1739501175,FALSE,IN_SERVICE,1,1,1
7755,0,0,0,3,12,0,1739501117,FALSE,IN_SERVICE,1,1,1
7756,1,1,0,0,18,0,1739501174,FALSE,IN_SERVICE,1,1,1
7757,18,18,0,0,1,0,1739501211,TRUE,IN_SERVICE,1,1,1
7758,11,11,0,0,8,0,1739501204,FALSE,IN_SERVICE,1,1,1
7759,5,5,0,0,9,0,1739501165,FALSE,IN_SERVICE,1,1,1
7760,11,11,0,1,11,0,1739501191,FALSE,IN_SERVICE,1,1,1
7761,7,7,0,0,6,1,1739501098,FALSE,IN_SERVICE,1,1,1
7762,1,1,0,1,11,0,1739501183,FALSE,IN_SERVICE,1,1,1
7765,9,9,0,0,6,0,1739501168,FALSE,IN_SERVICE,1,1,1
7766,1,1,0,1,12,0,1739501098,FALSE,IN_SERVICE,1,1,1
7767,3,3,0,0,8,0,1739501051,FALSE,IN_SERVICE,1,1,1
7768,2,2,0,1,11,0,1739501140,FALSE,IN_SERVICE,1,1,1
7769,6,6,0,1,8,0,1739501128,FALSE,IN_SERVICE,1,1,1
7770,7,7,0,0,15,0,1739501193,FALSE,IN_SERVICE,1,1,1
7771,1,1,0,0,10,0,1739501175,FALSE,IN_SERVICE,1,1,1
7772,11,11,0,1,3,0,1739501089,FALSE,IN_SERVICE,1,1,1
7773,13,13,0,0,1,0,1739501084,FALSE,IN_SERVICE,1,1,1
7774,7,7,0,0,8,0,1739501121,FALSE,IN_SERVICE,1,1,1
7775,9,9,0,0,2,0,1739501114,FALSE,IN_SERVICE,1,1,1
7776,18,18,0,0,1,0,1739501206,FALSE,IN_SERVICE,1,1,1
7777,8,8,0,4,3,0,1739501113,FALSE,IN_SERVICE,1,1,1
7778,2,2,0,1,6,2,1739501189,FALSE,IN_SERVICE,1,1,1
7779,5,5,0,0,10,0,1739501048,FALSE,IN_SERVICE,1,1,1
7780,14,14,0,0,2,0,1739501150,FALSE,IN_SERVICE,1,1,1
7781,1,0,1,0,14,0,1739501206,FALSE,IN_SERVICE,1,1,1
7782,1,1,0,0,19,0,1739501065,FALSE,IN_SERVICE,1,1,1
7783,12,12,0,0,8,0,1739501193,FALSE,IN_SERVICE,1,1,1
7784,10,10,0,0,8,1,1739501085,FALSE,IN_SERVICE,1,1,1
7785,16,16,0,0,0,0,1739501124,FALSE,IN_SERVICE,1,1,1
7787,22,22,0,1,8,0,1739501213,FALSE,IN_SERVICE,1,1,1
7788,17,17,0,1,4,1,1739501197,FALSE,IN_SERVICE,1,1,1
7789,0,0,0,0,23,0,1739501118,TRUE,IN_SERVICE,1,1,1
7790,3,3,0,1,13,0,1739501052,FALSE,IN_SERVICE,1,1,1
7791,15,15,0,0,0,0,1739501107,FALSE,IN_SERVICE,1,1,1
7792,5,5,0,1,9,0,1739501149,FALSE,IN_SERVICE,1,1,1
7794,4,4,0,0,11,0,1739501160,FALSE,IN_SERVICE,1,1,1
7796,1,1,0,0,18,0,1739501146,FALSE,IN_SERVICE,1,1,1
7798,8,8,0,0,7,0,1739501093,FALSE,IN_SERVICE,1,1,1
7799,12,12,0,0,3,0,1739501143,FALSE,IN_SERVICE,1,1,1
7800,4,4,0,0,15,0,1739501106,FALSE,IN_SERVICE,1,1,1
7801,4,4,0,0,11,0,1739501181,FALSE,IN_SERVICE,1,1,1
7802,2,2,0,0,10,0,1739501123,FALSE,IN_SERVICE,1,1,1
7803,18,18,0,0,1,0,1739501043,FALSE,IN_SERVICE,1,1,1
7804,7,7,0,0,6,0,1739501106,FALSE,IN_SERVICE,1,1,1
7805,14,14,0,0,5,0,1739501115,FALSE,IN_SERVICE,1,1,1
7806,5,5,0,0,10,0,1739501184,FALSE,IN_SERVICE,1,1,1
7807,2,2,0,0,13,0,1739501146,FALSE,IN_SERVICE,1,1,1
7808,6,6,0,0,8,0,1739501105,FALSE,IN_SERVICE,1,1,1
7809,6,6,0,0,13,0,1739501165,FALSE,IN_SERVICE,1,1,1
7810,0,0,0,0,15,0,1739501046,FALSE,IN_SERVICE,1,1,1
7811,7,7,0,0,12,0,1739501111,FALSE,IN_SERVICE,1,1,1
7812,5,5,0,0,14,0,1739501159,FALSE,IN_SERVICE,1,1,1
7813,5,5,0,0,18,0,1739501115,FALSE,IN_SERVICE,1,1,1
7814,2,2,0,0,13,0,1739501112,FALSE,IN_SERVICE,1,1,1
7815,3,3,0,1,11,0,1739501179,FALSE,IN_SERVICE,1,1,1
7816,25,25,0,3,27,0,1739501210,FALSE,IN_SERVICE,1,1,1
7817,0,0,0,0,15,0,1739501177,FALSE,IN_SERVICE,1,1,1
7818,3,3,0,0,16,0,1739501044,FALSE,IN_SERVICE,1,1,1
7819,1,1,0,0,14,0,1739501111,FALSE,IN_SERVICE,1,1,1
7820,0,0,0,0,15,0,1739501126,TRUE,IN_SERVICE,1,1,1
7821,0,0,0,0,19,1,1739501162,FALSE,IN_SERVICE,1,1,1
7822,9,9,0,0,10,0,1739501217,FALSE,IN_SERVICE,1,1,1
7823,4,3,1,0,7,0,1739501199,FALSE,IN_SERVICE,1,1,1
7824,5,5,0,0,14,0,1739501139,FALSE,IN_SERVICE,1,1,1
7825,2,2,0,0,12,0,1739501182,FALSE,IN_SERVICE,1,1,1
7826,8,8,0,0,7,0,1739501107,FALSE,IN_SERVICE,1,1,1
7827,7,7,0,0,7,1,1739501076,FALSE,IN_SERVICE,1,1,1
7828,2,2,0,1,8,0,1739501091,FALSE,IN_SERVICE,1,1,1
7829,13,13,0,0,1,1,1739501085,FALSE,IN_SERVICE,1,1,1
7830,3,3,0,1,10,0,1739501202,FALSE,IN_SERVICE,1,1,1
7831,7,7,0,0,10,0,1739501215,FALSE,IN_SERVICE,1,1,1
7832,3,3,0,0,16,0,1739501179,FALSE,IN_SERVICE,1,1,1
7833,3,3,0,1,11,0,1739501106,FALSE,IN_SERVICE,1,1,1
7834,4,4,0,1,10,0,1739501130,FALSE,IN_SERVICE,1,1,1
7835,8,8,0,0,11,0,1739501105,FALSE,IN_SERVICE,1,1,1
7836,0,0,0,0,19,0,1739501186,FALSE,IN_SERVICE,1,1,1
7837,6,6,0,0,11,0,1739501198,FALSE,IN_SERVICE,1,1,1
7838,6,6,0,1,11,1,1739501088,FALSE,IN_SERVICE,1,1,1
7839,7,7,0,0,4,0,1739501202,FALSE,IN_SERVICE,1,1,1
7840,7,7,0,0,7,0,1739501116,FALSE,IN_SERVICE,1,1,1
7841,10,10,0,1,4,0,1739501151,FALSE,IN_SERVICE,1,1,1
7842,5,5,0,0,6,0,1739501117,FALSE,IN_SERVICE,1,1,1
7843,12,12,0,1,2,0,1739501068,FALSE,IN_SERVICE,1,1,1
7844,14,14,0,0,1,0,1739501213,FALSE,IN_SERVICE,1,1,1
7845,9,9,0,0,6,0,1739501096,FALSE,IN_SERVICE,1,1,1
7846,10,10,0,1,4,0,1739501133,FALSE,IN_SERVICE,1,1,1
7848,5,5,0,1,17,0,1739501196,FALSE,IN_SERVICE,1,1,1
7849,3,3,0,0,11,1,1739501085,FALSE,IN_SERVICE,1,1,1
7850,1,1,0,0,14,0,1739501050,FALSE,IN_SERVICE,1,1,1
7851,3,3,0,0,12,0,1739501116,FALSE,IN_SERVICE,1,1,1
7852,6,6,0,0,17,0,1739501085,FALSE,IN_SERVICE,1,1,1
7853,3,3,0,0,12,0,1739501068,FALSE,IN_SERVICE,1,1,1
7854,0,0,0,0,19,0,1739501098,FALSE,IN_SERVICE,1,1,1
7855,1,1,0,0,14,0,1739501155,FALSE,IN_SERVICE,1,1,1
7856,1,1,0,0,14,0,1739501146,FALSE,IN_SERVICE,1,1,1
7857,3,3,0,0,16,0,1739501123,FALSE,IN_SERVICE,1,1,1
7858,7,7,0,0,16,0,1739501109,FALSE,IN_SERVICE,1,1,1
7859,0,0,0,1,14,0,1739501207,FALSE,IN_SERVICE,1,1,1
7860,0,0,0,0,15,0,1739501107,FALSE,IN_SERVICE,1,1,1
7861,2,2,0,0,17,0,1739501131,FALSE,IN_SERVICE,1,1,1
7862,3,3,0,1,10,0,1739501161,FALSE,IN_SERVICE,1,1,1
7863,6,6,0,1,8,0,1739501158,FALSE,IN_SERVICE,1,1,1
7864,2,2,0,2,11,0,1739501124,FALSE,IN_SERVICE,1,1,1
7865,1,1,0,0,42,0,1739501127,TRUE,IN_SERVICE,1,1,1
7866,9,9,0,0,14,0,1739501051,TRUE,IN_SERVICE,1,1,1
7867,1,1,0,2,12,0,1739501086,TRUE,IN_SERVICE,1,1,1
7868,4,4,0,1,14,0,1739501136,FALSE,IN_SERVICE,1,1,1
7869,8,8,0,0,7,0,1739501184,FALSE,IN_SERVICE,1,1,1
7870,6,6,0,1,8,0,1739501087,FALSE,IN_SERVICE,1,1,1
7871,7,7,0,0,7,0,1739501119,FALSE,IN_SERVICE,1,1,1
7872,9,9,0,1,5,0,1739501198,FALSE,IN_SERVICE,1,1,1
7873,5,5,0,1,8,0,1739501107,FALSE,IN_SERVICE,1,1,1
7874,1,1,0,0,14,0,1739501117,FALSE,IN_SERVICE,1,1,1
7875,2,2,0,0,12,0,1739501047,FALSE,IN_SERVICE,1,1,1
7876,0,0,0,0,15,0,1739501203,FALSE,IN_SERVICE,1,1,1
7877,2,2,0,0,13,0,1739501211,FALSE,IN_SERVICE,1,1,1
7878,2,2,0,0,13,0,1739501133,FALSE,IN_SERVICE,1,1,1
7879,2,2,0,0,10,0,1739501161,FALSE,IN_SERVICE,1,1,1
7880,1,1,0,0,14,0,1739501201,FALSE,IN_SERVICE,1,1,1
7881,12,12,0,0,15,0,1739501119,FALSE,IN_SERVICE,1,1,1
7882,9,9,0,0,6,0,1739501077,FALSE,IN_SERVICE,1,1,1
7883,2,2,0,0,9,0,1739501211,FALSE,IN_SERVICE,1,1,1
7884,11,11,0,1,3,0,1739501118,FALSE,IN_SERVICE,1,1,1
7885,2,2,0,0,9,0,1739501115,FALSE,IN_SERVICE,1,1,1
7886,12,12,0,0,3,0,1739501146,FALSE,IN_SERVICE,1,1,1
7887,0,0,0,0,43,0,1739501158,TRUE,IN_SERVICE,1,1,1
7888,1,1,0,0,14,0,1739501179,FALSE,IN_SERVICE,1,1,1
7889,0,0,0,0,17,1,1739501150,FALSE,IN_SERVICE,1,1,1
7890,0,0,0,0,23,0,1739501110,FALSE,IN_SERVICE,1,1,1
7891,1,1,0,1,17,0,1739501122,FALSE,IN_SERVICE,1,1,1
7893,1,1,0,0,18,0,1739501123,FALSE,IN_SERVICE,1,1,1
7894,2,2,0,1,12,0,1739501116,FALSE,IN_SERVICE,1,1,1
7895,10,10,0,0,5,0,1739501130,FALSE,IN_SERVICE,1,1,1
7896,0,0,0,0,15,0,1739501156,FALSE,IN_SERVICE,1,1,1
7897,10,10,0,0,5,0,1739501175,FALSE,IN_SERVICE,1,1,1
7898,3,3,0,0,13,0,1739501200,FALSE,IN_SERVICE,1,1,1
7899,11,11,0,1,10,1,1739501093,FALSE,IN_SERVICE,1,1,1
7900,2,2,0,1,8,0,1739501154,FALSE,IN_SERVICE,1,1,1
7901,1,1,0,0,10,0,1739501155,FALSE,IN_SERVICE,1,1,1
7902,1,1,0,0,14,0,1739501170,FALSE,IN_SERVICE,1,1,1
7903,3,3,0,1,11,0,1739501096,FALSE,IN_SERVICE,1,1,1
7904,1,1,0,0,10,0,1739501089,FALSE,IN_SERVICE,1,1,1
7906,13,12,1,1,0,0,1739501064,FALSE,IN_SERVICE,1,1,1
7907,1,0,1,0,40,0,1739501115,TRUE,IN_SERVICE,1,1,1
7909,5,5,0,1,16,0,1739501183,FALSE,IN_SERVICE,1,1,1
7910,0,0,0,0,15,0,1739501177,FALSE,IN_SERVICE,1,1,1
7911,11,11,0,0,7,0,1739501121,FALSE,IN_SERVICE,1,1,1
7912,6,6,0,0,11,2,1739501215,FALSE,IN_SERVICE,1,1,1
7913,21,20,1,0,14,0,1739501212,FALSE,IN_SERVICE,1,1,1
7914,14,14,0,0,13,0,1739501075,FALSE,IN_SERVICE,1,1,1
7915,1,1,0,0,13,0,1739501203,FALSE,IN_SERVICE,1,1,1
7916,13,13,0,0,5,1,1739501155,FALSE,IN_SERVICE,1,1,1
7917,10,10,0,1,8,0,1739501116,FALSE,IN_SERVICE,1,1,1
7918,0,0,0,0,15,0,1739501094,FALSE,IN_SERVICE,1,1,1
7919,13,13,0,1,4,0,1739501165,FALSE,IN_SERVICE,1,1,1
7920,2,2,0,0,13,0,1739501211,FALSE,IN_SERVICE,1,1,1
7921,1,1,0,0,14,0,1739501202,FALSE,IN_SERVICE,1,1,1
7922,2,2,0,0,21,0,1739501170,TRUE,IN_SERVICE,1,1,1
7923,6,6,0,1,12,0,1739501047,FALSE,IN_SERVICE,1,1,1
7924,2,2,0,0,10,0,1739501076,FALSE,IN_SERVICE,1,1,1
7925,3,2,1,0,20,0,1739501190,FALSE,IN_SERVICE,1,1,1
7926,5,5,0,0,18,1,1739501110,FALSE,IN_SERVICE,1,1,1
7927,7,7,0,0,16,1,1739501073,FALSE,IN_SERVICE,1,1,1
7928,8,8,0,0,21,1,1739501078,FALSE,IN_SERVICE,1,1,1
7929,10,10,0,0,2,0,1739501037,FALSE,IN_SERVICE,1,1,1
7930,4,4,0,0,3,0,1739501172,FALSE,IN_SERVICE,1,1,1
7931,8,8,0,0,8,0,1739501197,FALSE,IN_SERVICE,1,1,1
7932,12,12,0,0,0,0,1739501039,FALSE,IN_SERVICE,1,1,1
7933,7,7,0,0,15,1,1739501158,FALSE,IN_SERVICE,1,1,1
7934,3,3,0,0,8,0,1739501210,TRUE,IN_SERVICE,1,1,1
7935,1,1,0,2,12,0,1739501077,FALSE,IN_SERVICE,1,1,1
7936,12,12,0,0,3,0,1739501216,FALSE,IN_SERVICE,1,1,1
7937,16,16,0,0,3,0,1739501101,FALSE,IN_SERVICE,1,1,1
7938,5,5,0,0,10,0,1739501132,FALSE,IN_SERVICE,1,1,1
7939,2,2,0,0,14,1,1739501186,FALSE,IN_SERVICE,1,1,1
7940,0,0,0,0,32,0,1739501162,FALSE,IN_SERVICE,1,1,1
7941,2,2,0,0,12,1,1739501176,FALSE,IN_SERVICE,1,1,1
7942,3,3,0,0,12,0,1739501090,FALSE,IN_SERVICE,1,1,1
7943,14,14,0,0,9,0,1739501137,FALSE,IN_SERVICE,1,1,1
7944,6,6,0,0,17,0,1739501133,FALSE,IN_SERVICE,1,1,1
7945,17,17,0,2,0,0,1739501141,FALSE,IN_SERVICE,1,1,1
7946,14,14,0,0,1,0,1739501202,FALSE,IN_SERVICE,1,1,1
7947,0,0,0,0,11,0,1739501153,FALSE,IN_SERVICE,1,1,1
7948,6,6,0,0,17,0,1739501092,FALSE,IN_SERVICE,1,1,1
7949,16,16,0,0,3,0,1739501110,FALSE,IN_SERVICE,1,1,1
7950,16,16,0,0,6,0,1739501168,FALSE,IN_SERVICE,1,1,1
7951,6,6,0,1,12,0,1739501169,FALSE,IN_SERVICE,1,1,1
7952,3,3,0,0,16,0,1739501210,FALSE,IN_SERVICE,1,1,1
7953,2,2,0,0,11,1,1739501187,FALSE,IN_SERVICE,1,1,1
7954,7,7,0,0,16,0,1739501100,FALSE,IN_SERVICE,1,1,1
7955,1,1,0,1,20,0,1739501146,FALSE,IN_SERVICE,1,1,1
7956,2,2,0,0,8,1,1739501216,FALSE,IN_SERVICE,1,1,1
7957,2,2,0,0,36,1,1739501171,FALSE,IN_SERVICE,1,1,1
7958,3,3,0,0,16,0,1739501180,FALSE,IN_SERVICE,1,1,1
7959,3,3,0,0,12,0,1739501182,FALSE,IN_SERVICE,1,1,1
7960,9,9,0,0,10,0,1739501197,FALSE,IN_SERVICE,1,1,1
7961,4,4,0,0,11,0,1739501178,FALSE,IN_SERVICE,1,1,1
7962,4,4,0,0,11,0,1739501159,FALSE,IN_SERVICE,1,1,1
7963,9,9,0,1,0,0,1739501170,FALSE,IN_SERVICE,1,1,1
7964,2,2,0,0,13,0,1739501211,FALSE,IN_SERVICE,1,1,1
7965,2,2,0,0,17,0,1739501200,FALSE,IN_SERVICE,1,1,1
7966,3,3,0,2,10,0,1739501217,FALSE,IN_SERVICE,1,1,1
7967,2,2,0,1,12,0,1739501144,FALSE,IN_SERVICE,1,1,1
7968,8,8,0,0,11,0,1739501171,FALSE,IN_SERVICE,1,1,1
7969,11,11,0,0,8,0,1739501178,FALSE,IN_SERVICE,1,1,1
7970,10,10,0,1,8,0,1739501154,FALSE,IN_SERVICE,1,1,1
7971,0,0,0,0,14,1,1739501071,FALSE,IN_SERVICE,1,1,1
7972,4,4,0,0,7,0,1739501121,FALSE,IN_SERVICE,1,1,1
7973,3,3,0,0,16,0,1739501211,FALSE,IN_SERVICE,1,1,1
7974,0,0,0,0,19,0,1739501166,FALSE,IN_SERVICE,1,1,1
7975,3,3,0,0,16,0,1739501109,FALSE,IN_SERVICE,1,1,1
7976,0,0,0,0,18,0,1739501217,FALSE,IN_SERVICE,1,1,1
7977,6,6,0,0,8,1,1739501132,FALSE,IN_SERVICE,1,1,1
7978,13,13,0,0,9,0,1739501081,FALSE,IN_SERVICE,1,1,1
7979,13,13,0,0,6,0,1739501191,FALSE,IN_SERVICE,1,1,1
7981,5,5,0,0,10,0,1739501120,FALSE,IN_SERVICE,1,1,1
7982,6,6,0,0,13,0,1739501191,FALSE,IN_SERVICE,1,1,1
7983,10,10,0,0,4,0,1739501119,FALSE,IN_SERVICE,1,1,1
7984,14,14,0,0,8,0,1739501060,FALSE,IN_SERVICE,1,1,1
7985,2,2,0,1,12,0,1739501122,FALSE,IN_SERVICE,1,1,1
7986,8,8,0,0,11,0,1739501202,FALSE,IN_SERVICE,1,1,1
7987,2,2,0,0,13,0,1739501181,FALSE,IN_SERVICE,1,1,1
7988,5,5,0,0,14,0,1739501174,FALSE,IN_SERVICE,1,1,1
7989,3,3,0,0,12,0,1739501163,FALSE,IN_SERVICE,1,1,1
7990,5,5,0,0,10,0,1739501089,FALSE,IN_SERVICE,1,1,1
7991,7,7,0,0,8,0,1739501203,FALSE,IN_SERVICE,1,1,1
7992,0,0,0,0,11,0,1739501204,FALSE,IN_SERVICE,1,1,1
7993,1,1,0,0,14,0,1739501135,FALSE,IN_SERVICE,1,1,1
7994,4,4,0,0,7,0,1739501113,FALSE,IN_SERVICE,1,1,1
7995,7,7,0,0,8,0,1739501170,FALSE,IN_SERVICE,1,1,1
7996,1,1,0,0,21,0,1739501184,TRUE,IN_SERVICE,1,1,1
7997,4,2,2,1,33,0,1739501108,TRUE,IN_SERVICE,1,1,1
7998,5,5,0,0,14,0,1739501126,FALSE,IN_SERVICE,1,1,1
7999,3,3,0,2,10,0,1739501115,FALSE,IN_SERVICE,1,1,1
8000,3,2,1,0,28,0,1739501056,TRUE,IN_SERVICE,1,1,1
8001,13,13,0,0,3,0,1739501187,FALSE,IN_SERVICE,1,1,1
8002,4,4,0,0,11,0,1739501082,FALSE,IN_SERVICE,1,1,1
8003,5,5,0,0,6,0,1739501096,FALSE,IN_SERVICE,1,1,1
8008,10,10,0,0,6,0,1739501148,FALSE,IN_SERVICE,1,1,1
8009,5,4,1,0,33,0,1739501186,TRUE,IN_SERVICE,1,1,1
8012,7,7,0,0,15,0,1739501153,FALSE,IN_SERVICE,1,1,1
8013,12,12,0,0,0,0,1739501160,FALSE,IN_SERVICE,1,1,1
